img_name,label
train_040873.jpg,0
train_040874.jpg,0
train_040875.jpg,0
train_040876.jpg,0
train_040877.jpg,0
train_040878.jpg,0
train_040879.jpg,0
train_040880.jpg,0
train_040881.jpg,0
train_040882.jpg,0
train_040883.jpg,0
train_040884.jpg,0
train_040885.jpg,0
train_040886.jpg,0
train_040887.jpg,0
train_040888.jpg,0
train_040889.jpg,0
train_040890.jpg,0
train_040891.jpg,0
train_040892.jpg,0
train_040893.jpg,0
train_040894.jpg,0
train_040895.jpg,0
train_040896.jpg,0
train_040897.jpg,0
train_040898.jpg,0
train_040899.jpg,0
train_040900.jpg,0
train_040901.jpg,0
train_040902.jpg,0
train_040903.jpg,0
train_040904.jpg,0
train_040905.jpg,0
train_040906.jpg,0
train_040907.jpg,0
train_040908.jpg,0
train_040909.jpg,0
train_040910.jpg,0
train_040911.jpg,0
train_040912.jpg,0
train_040913.jpg,0
train_040914.jpg,0
train_040915.jpg,0
train_040916.jpg,0
train_040917.jpg,0
train_040918.jpg,0
train_040919.jpg,0
train_040920.jpg,0
train_040921.jpg,0
train_040922.jpg,0
train_040923.jpg,0
train_040924.jpg,0
train_040925.jpg,0
train_040926.jpg,0
train_040927.jpg,0
train_040928.jpg,0
train_040930.jpg,0
train_040931.jpg,0
train_040932.jpg,0
train_040933.jpg,0
train_040934.jpg,0
train_040935.jpg,0
train_040936.jpg,0
train_040937.jpg,0
train_040938.jpg,0
train_040939.jpg,0
train_040940.jpg,0
train_040942.jpg,0
train_040943.jpg,0
train_040944.jpg,0
train_040945.jpg,0
train_040946.jpg,0
train_040947.jpg,0
train_040948.jpg,0
train_040949.jpg,0
train_040950.jpg,0
train_040951.jpg,0
train_040952.jpg,0
train_040953.jpg,0
train_040954.jpg,0
train_040955.jpg,0
train_040956.jpg,0
train_040957.jpg,0
train_040958.jpg,0
train_040959.jpg,0
train_040960.jpg,0
train_040962.jpg,0
train_040963.jpg,0
train_040964.jpg,0
train_040965.jpg,0
train_040966.jpg,0
train_040967.jpg,0
train_040968.jpg,0
train_040969.jpg,0
train_040970.jpg,0
train_040971.jpg,0
train_040972.jpg,0
train_040973.jpg,0
train_040974.jpg,0
train_040975.jpg,0
train_040976.jpg,0
train_040977.jpg,0
train_040978.jpg,0
train_040979.jpg,0
train_040980.jpg,0
train_040981.jpg,0
train_040982.jpg,0
train_040983.jpg,0
train_040984.jpg,0
train_040985.jpg,0
train_040986.jpg,0
train_040987.jpg,0
train_040988.jpg,0
train_040989.jpg,0
train_040990.jpg,0
train_040991.jpg,0
train_040992.jpg,0
train_040993.jpg,0
train_040994.jpg,0
train_040995.jpg,0
train_040996.jpg,0
train_040997.jpg,0
train_040998.jpg,0
train_040999.jpg,0
train_041000.jpg,0
train_041001.jpg,0
train_041002.jpg,0
train_041003.jpg,0
train_041004.jpg,0
train_041005.jpg,0
train_041006.jpg,0
train_041007.jpg,0
train_041008.jpg,0
train_041009.jpg,0
train_041010.jpg,0
train_041011.jpg,0
train_041012.jpg,0
train_041013.jpg,0
train_041014.jpg,0
train_041015.jpg,0
train_041016.jpg,0
train_041017.jpg,0
train_041018.jpg,0
train_041019.jpg,0
train_041020.jpg,0
train_041021.jpg,0
train_041022.jpg,0
train_041023.jpg,0
train_041024.jpg,0
train_041025.jpg,0
train_041026.jpg,0
train_041027.jpg,0
train_041028.jpg,0
train_041029.jpg,0
train_041030.jpg,0
train_041031.jpg,0
train_041032.jpg,0
train_041033.jpg,0
train_041034.jpg,0
train_041035.jpg,0
train_041036.jpg,0
train_041037.jpg,0
train_041038.jpg,0
train_041039.jpg,0
train_041040.jpg,0
train_041041.jpg,0
train_041042.jpg,0
train_041043.jpg,0
train_041044.jpg,0
train_041045.jpg,0
train_041046.jpg,0
train_041047.jpg,0
train_041048.jpg,0
train_041049.jpg,0
train_041050.jpg,0
train_041051.jpg,0
train_041052.jpg,0
train_041053.jpg,0
train_041054.jpg,0
train_041055.jpg,0
train_041056.jpg,0
train_041057.jpg,0
train_041058.jpg,0
train_041059.jpg,0
train_041060.jpg,0
train_041061.jpg,0
train_041062.jpg,0
train_041063.jpg,0
train_041064.jpg,0
train_041065.jpg,0
train_041066.jpg,0
train_041067.jpg,0
train_041068.jpg,0
train_041069.jpg,0
train_041070.jpg,0
train_041071.jpg,0
train_041072.jpg,0
train_041073.jpg,0
train_041074.jpg,0
train_041075.jpg,0
train_024642.jpg,1
train_024643.jpg,1
train_024644.jpg,1
train_024645.jpg,1
train_024646.jpg,1
train_024647.jpg,1
train_024648.jpg,1
train_024649.jpg,1
train_024650.jpg,1
train_024651.jpg,1
train_024652.jpg,1
train_024653.jpg,1
train_024654.jpg,1
train_024655.jpg,1
train_024656.jpg,1
train_024657.jpg,1
train_024658.jpg,1
train_024659.jpg,1
train_024660.jpg,1
train_024661.jpg,1
train_024662.jpg,1
train_024663.jpg,1
train_024664.jpg,1
train_024665.jpg,1
train_024666.jpg,1
train_024667.jpg,1
train_024668.jpg,1
train_024670.jpg,1
train_024671.jpg,1
train_024672.jpg,1
train_024673.jpg,1
train_024674.jpg,1
train_024675.jpg,1
train_024676.jpg,1
train_024677.jpg,1
train_024678.jpg,1
train_024679.jpg,1
train_024680.jpg,1
train_024681.jpg,1
train_024682.jpg,1
train_024683.jpg,1
train_024684.jpg,1
train_024685.jpg,1
train_024686.jpg,1
train_024687.jpg,1
train_024688.jpg,1
train_024689.jpg,1
train_024690.jpg,1
train_024691.jpg,1
train_024692.jpg,1
train_024693.jpg,1
train_024694.jpg,1
train_024695.jpg,1
train_024696.jpg,1
train_024697.jpg,1
train_024698.jpg,1
train_024699.jpg,1
train_024700.jpg,1
train_024701.jpg,1
train_024702.jpg,1
train_024703.jpg,1
train_024704.jpg,1
train_024705.jpg,1
train_024706.jpg,1
train_024707.jpg,1
train_024708.jpg,1
train_024709.jpg,1
train_024710.jpg,1
train_024711.jpg,1
train_024712.jpg,1
train_024713.jpg,1
train_024714.jpg,1
train_024715.jpg,1
train_024716.jpg,1
train_024717.jpg,1
train_024718.jpg,1
train_024719.jpg,1
train_024720.jpg,1
train_024721.jpg,1
train_024722.jpg,1
train_024723.jpg,1
train_024724.jpg,1
train_024725.jpg,1
train_024726.jpg,1
train_024727.jpg,1
train_024728.jpg,1
train_024729.jpg,1
train_024730.jpg,1
train_024731.jpg,1
train_024732.jpg,1
train_024733.jpg,1
train_024734.jpg,1
train_024735.jpg,1
train_024736.jpg,1
train_024737.jpg,1
train_024738.jpg,1
train_024739.jpg,1
train_024740.jpg,1
train_024741.jpg,1
train_024742.jpg,1
train_024743.jpg,1
train_024744.jpg,1
train_024745.jpg,1
train_024746.jpg,1
train_024747.jpg,1
train_024748.jpg,1
train_024749.jpg,1
train_024750.jpg,1
train_024751.jpg,1
train_024752.jpg,1
train_024753.jpg,1
train_024754.jpg,1
train_024755.jpg,1
train_024756.jpg,1
train_024757.jpg,1
train_024758.jpg,1
train_024759.jpg,1
train_024760.jpg,1
train_024761.jpg,1
train_024762.jpg,1
train_024763.jpg,1
train_024764.jpg,1
train_024765.jpg,1
train_024766.jpg,1
train_024767.jpg,1
train_024768.jpg,1
train_024769.jpg,1
train_024770.jpg,1
train_024771.jpg,1
train_024772.jpg,1
train_024773.jpg,1
train_024774.jpg,1
train_024775.jpg,1
train_024776.jpg,1
train_024777.jpg,1
train_024778.jpg,1
train_024779.jpg,1
train_024780.jpg,1
train_024781.jpg,1
train_024782.jpg,1
train_024783.jpg,1
train_024784.jpg,1
train_024785.jpg,1
train_024786.jpg,1
train_024787.jpg,1
train_024788.jpg,1
train_024789.jpg,1
train_024790.jpg,1
train_024791.jpg,1
train_024792.jpg,1
train_024793.jpg,1
train_024794.jpg,1
train_024795.jpg,1
train_024796.jpg,1
train_024797.jpg,1
train_024798.jpg,1
train_024799.jpg,1
train_024800.jpg,1
train_024801.jpg,1
train_024802.jpg,1
train_024803.jpg,1
train_024804.jpg,1
train_024805.jpg,1
train_024806.jpg,1
train_024807.jpg,1
train_024808.jpg,1
train_024809.jpg,1
train_024810.jpg,1
train_024811.jpg,1
train_024812.jpg,1
train_024813.jpg,1
train_024814.jpg,1
train_024815.jpg,1
train_024816.jpg,1
train_024817.jpg,1
train_024818.jpg,1
train_024819.jpg,1
train_024820.jpg,1
train_024821.jpg,1
train_024822.jpg,1
train_024823.jpg,1
train_024824.jpg,1
train_024825.jpg,1
train_024826.jpg,1
train_024827.jpg,1
train_024828.jpg,1
train_024829.jpg,1
train_024830.jpg,1
train_024831.jpg,1
train_024832.jpg,1
train_024833.jpg,1
train_024834.jpg,1
train_024835.jpg,1
train_024836.jpg,1
train_024837.jpg,1
train_024838.jpg,1
train_024839.jpg,1
train_024840.jpg,1
train_024841.jpg,1
train_024842.jpg,1
train_039996.jpg,2
train_039997.jpg,2
train_039998.jpg,2
train_039999.jpg,2
train_040000.jpg,2
train_040001.jpg,2
train_040002.jpg,2
train_040003.jpg,2
train_040004.jpg,2
train_040005.jpg,2
train_040006.jpg,2
train_040007.jpg,2
train_040008.jpg,2
train_040009.jpg,2
train_040010.jpg,2
train_040011.jpg,2
train_040012.jpg,2
train_040013.jpg,2
train_040014.jpg,2
train_040015.jpg,2
train_040016.jpg,2
train_040017.jpg,2
train_040018.jpg,2
train_040019.jpg,2
train_040020.jpg,2
train_040021.jpg,2
train_040022.jpg,2
train_040023.jpg,2
train_040024.jpg,2
train_040025.jpg,2
train_040026.jpg,2
train_040027.jpg,2
train_040028.jpg,2
train_040029.jpg,2
train_040030.jpg,2
train_040031.jpg,2
train_040032.jpg,2
train_040033.jpg,2
train_040034.jpg,2
train_040035.jpg,2
train_040036.jpg,2
train_040037.jpg,2
train_040038.jpg,2
train_040039.jpg,2
train_040040.jpg,2
train_040041.jpg,2
train_040042.jpg,2
train_040043.jpg,2
train_040044.jpg,2
train_040045.jpg,2
train_040046.jpg,2
train_040047.jpg,2
train_040048.jpg,2
train_040049.jpg,2
train_040050.jpg,2
train_040051.jpg,2
train_040052.jpg,2
train_040053.jpg,2
train_040054.jpg,2
train_040055.jpg,2
train_040056.jpg,2
train_040057.jpg,2
train_040058.jpg,2
train_040059.jpg,2
train_040060.jpg,2
train_040061.jpg,2
train_040062.jpg,2
train_040063.jpg,2
train_040064.jpg,2
train_040065.jpg,2
train_040066.jpg,2
train_040067.jpg,2
train_040068.jpg,2
train_040069.jpg,2
train_040070.jpg,2
train_040071.jpg,2
train_040072.jpg,2
train_040073.jpg,2
train_040074.jpg,2
train_040075.jpg,2
train_040076.jpg,2
train_040077.jpg,2
train_040078.jpg,2
train_040079.jpg,2
train_040080.jpg,2
train_040081.jpg,2
train_040082.jpg,2
train_040083.jpg,2
train_040084.jpg,2
train_040085.jpg,2
train_040086.jpg,2
train_040087.jpg,2
train_040088.jpg,2
train_040089.jpg,2
train_040090.jpg,2
train_040091.jpg,2
train_040092.jpg,2
train_040093.jpg,2
train_040094.jpg,2
train_040095.jpg,2
train_040096.jpg,2
train_040097.jpg,2
train_040098.jpg,2
train_040099.jpg,2
train_040100.jpg,2
train_040101.jpg,2
train_040102.jpg,2
train_040103.jpg,2
train_040104.jpg,2
train_040105.jpg,2
train_040106.jpg,2
train_040107.jpg,2
train_040108.jpg,2
train_040109.jpg,2
train_040110.jpg,2
train_040111.jpg,2
train_040112.jpg,2
train_040113.jpg,2
train_040114.jpg,2
train_040115.jpg,2
train_040116.jpg,2
train_040117.jpg,2
train_040118.jpg,2
train_040119.jpg,2
train_040120.jpg,2
train_040121.jpg,2
train_040122.jpg,2
train_040123.jpg,2
train_040124.jpg,2
train_040125.jpg,2
train_040126.jpg,2
train_040127.jpg,2
train_040128.jpg,2
train_040129.jpg,2
train_040130.jpg,2
train_040131.jpg,2
train_040132.jpg,2
train_040133.jpg,2
train_040134.jpg,2
train_040135.jpg,2
train_040136.jpg,2
train_040137.jpg,2
train_040138.jpg,2
train_040139.jpg,2
train_040140.jpg,2
train_040141.jpg,2
train_040142.jpg,2
train_040143.jpg,2
train_040144.jpg,2
train_040145.jpg,2
train_040146.jpg,2
train_040147.jpg,2
train_040148.jpg,2
train_040149.jpg,2
train_040150.jpg,2
train_040151.jpg,2
train_040152.jpg,2
train_040153.jpg,2
train_040154.jpg,2
train_040155.jpg,2
train_040156.jpg,2
train_040157.jpg,2
train_040158.jpg,2
train_040159.jpg,2
train_040160.jpg,2
train_040161.jpg,2
train_040162.jpg,2
train_040163.jpg,2
train_040164.jpg,2
train_040165.jpg,2
train_040166.jpg,2
train_040167.jpg,2
train_040168.jpg,2
train_040169.jpg,2
train_040170.jpg,2
train_040171.jpg,2
train_040172.jpg,2
train_040173.jpg,2
train_040174.jpg,2
train_040175.jpg,2
train_040176.jpg,2
train_040177.jpg,2
train_040178.jpg,2
train_040179.jpg,2
train_040180.jpg,2
train_040181.jpg,2
train_040182.jpg,2
train_040183.jpg,2
train_040184.jpg,2
train_040185.jpg,2
train_040186.jpg,2
train_040187.jpg,2
train_040188.jpg,2
train_040189.jpg,2
train_040190.jpg,2
train_040191.jpg,2
train_040192.jpg,2
train_040193.jpg,2
train_040194.jpg,2
train_040195.jpg,2
train_059329.jpg,3
train_059330.jpg,3
train_059331.jpg,3
train_059332.jpg,3
train_059333.jpg,3
train_059334.jpg,3
train_059335.jpg,3
train_059336.jpg,3
train_059337.jpg,3
train_059338.jpg,3
train_059339.jpg,3
train_059340.jpg,3
train_059341.jpg,3
train_059342.jpg,3
train_059343.jpg,3
train_059344.jpg,3
train_059345.jpg,3
train_059346.jpg,3
train_059347.jpg,3
train_059348.jpg,3
train_059349.jpg,3
train_059350.jpg,3
train_059351.jpg,3
train_059352.jpg,3
train_059353.jpg,3
train_059354.jpg,3
train_059355.jpg,3
train_059356.jpg,3
train_059357.jpg,3
train_059358.jpg,3
train_059359.jpg,3
train_059360.jpg,3
train_059361.jpg,3
train_059362.jpg,3
train_059363.jpg,3
train_059364.jpg,3
train_059365.jpg,3
train_059366.jpg,3
train_059367.jpg,3
train_059368.jpg,3
train_059369.jpg,3
train_059370.jpg,3
train_059371.jpg,3
train_059372.jpg,3
train_059373.jpg,3
train_059374.jpg,3
train_059375.jpg,3
train_059376.jpg,3
train_059377.jpg,3
train_059378.jpg,3
train_059379.jpg,3
train_059380.jpg,3
train_059381.jpg,3
train_059382.jpg,3
train_059383.jpg,3
train_059384.jpg,3
train_059385.jpg,3
train_059386.jpg,3
train_059387.jpg,3
train_059388.jpg,3
train_059389.jpg,3
train_059390.jpg,3
train_059391.jpg,3
train_059392.jpg,3
train_059393.jpg,3
train_059394.jpg,3
train_059395.jpg,3
train_059396.jpg,3
train_059397.jpg,3
train_059398.jpg,3
train_059399.jpg,3
train_059400.jpg,3
train_059401.jpg,3
train_059402.jpg,3
train_059403.jpg,3
train_059404.jpg,3
train_059405.jpg,3
train_059406.jpg,3
train_059407.jpg,3
train_059408.jpg,3
train_059409.jpg,3
train_059410.jpg,3
train_059411.jpg,3
train_059412.jpg,3
train_059413.jpg,3
train_059414.jpg,3
train_059415.jpg,3
train_059416.jpg,3
train_059417.jpg,3
train_059418.jpg,3
train_059419.jpg,3
train_059420.jpg,3
train_059421.jpg,3
train_059422.jpg,3
train_059423.jpg,3
train_059424.jpg,3
train_059425.jpg,3
train_059426.jpg,3
train_059427.jpg,3
train_059428.jpg,3
train_059429.jpg,3
train_059430.jpg,3
train_059431.jpg,3
train_059432.jpg,3
train_059433.jpg,3
train_059434.jpg,3
train_059435.jpg,3
train_059436.jpg,3
train_059437.jpg,3
train_059438.jpg,3
train_059439.jpg,3
train_059440.jpg,3
train_059441.jpg,3
train_059442.jpg,3
train_059443.jpg,3
train_059444.jpg,3
train_059445.jpg,3
train_059446.jpg,3
train_059447.jpg,3
train_059448.jpg,3
train_059449.jpg,3
train_059450.jpg,3
train_059451.jpg,3
train_059452.jpg,3
train_059453.jpg,3
train_059454.jpg,3
train_059455.jpg,3
train_059456.jpg,3
train_059457.jpg,3
train_059459.jpg,3
train_059460.jpg,3
train_059461.jpg,3
train_059462.jpg,3
train_059463.jpg,3
train_059464.jpg,3
train_059465.jpg,3
train_059466.jpg,3
train_059467.jpg,3
train_059468.jpg,3
train_059469.jpg,3
train_059470.jpg,3
train_059471.jpg,3
train_059472.jpg,3
train_059473.jpg,3
train_059474.jpg,3
train_059475.jpg,3
train_059476.jpg,3
train_059477.jpg,3
train_059478.jpg,3
train_059479.jpg,3
train_059480.jpg,3
train_059481.jpg,3
train_059482.jpg,3
train_059483.jpg,3
train_059484.jpg,3
train_059485.jpg,3
train_059486.jpg,3
train_059487.jpg,3
train_059488.jpg,3
train_059489.jpg,3
train_059490.jpg,3
train_059491.jpg,3
train_059492.jpg,3
train_059493.jpg,3
train_059494.jpg,3
train_059495.jpg,3
train_059496.jpg,3
train_059497.jpg,3
train_059498.jpg,3
train_059499.jpg,3
train_059500.jpg,3
train_059501.jpg,3
train_059502.jpg,3
train_059503.jpg,3
train_059504.jpg,3
train_059505.jpg,3
train_059506.jpg,3
train_059507.jpg,3
train_059508.jpg,3
train_059509.jpg,3
train_059510.jpg,3
train_059511.jpg,3
train_059512.jpg,3
train_059513.jpg,3
train_059514.jpg,3
train_059515.jpg,3
train_059516.jpg,3
train_059517.jpg,3
train_059518.jpg,3
train_059519.jpg,3
train_059520.jpg,3
train_059521.jpg,3
train_059522.jpg,3
train_059523.jpg,3
train_059524.jpg,3
train_059525.jpg,3
train_059526.jpg,3
train_059527.jpg,3
train_059528.jpg,3
train_059529.jpg,3
train_069848.jpg,4
train_069849.jpg,4
train_069850.jpg,4
train_069851.jpg,4
train_069852.jpg,4
train_069853.jpg,4
train_069854.jpg,4
train_069855.jpg,4
train_069856.jpg,4
train_069857.jpg,4
train_069858.jpg,4
train_069859.jpg,4
train_069860.jpg,4
train_069861.jpg,4
train_069862.jpg,4
train_069863.jpg,4
train_069864.jpg,4
train_069865.jpg,4
train_069866.jpg,4
train_069867.jpg,4
train_069868.jpg,4
train_069869.jpg,4
train_069870.jpg,4
train_069871.jpg,4
train_069872.jpg,4
train_069873.jpg,4
train_069874.jpg,4
train_069875.jpg,4
train_069876.jpg,4
train_069877.jpg,4
train_069878.jpg,4
train_069879.jpg,4
train_069880.jpg,4
train_069881.jpg,4
train_069882.jpg,4
train_069883.jpg,4
train_069884.jpg,4
train_069885.jpg,4
train_069886.jpg,4
train_069887.jpg,4
train_069888.jpg,4
train_069889.jpg,4
train_069890.jpg,4
train_069891.jpg,4
train_069892.jpg,4
train_069893.jpg,4
train_069894.jpg,4
train_069895.jpg,4
train_069896.jpg,4
train_069897.jpg,4
train_069898.jpg,4
train_069899.jpg,4
train_069900.jpg,4
train_069901.jpg,4
train_069902.jpg,4
train_069903.jpg,4
train_069904.jpg,4
train_069905.jpg,4
train_069906.jpg,4
train_069907.jpg,4
train_069908.jpg,4
train_069909.jpg,4
train_069910.jpg,4
train_069911.jpg,4
train_069912.jpg,4
train_069913.jpg,4
train_069914.jpg,4
train_069915.jpg,4
train_069916.jpg,4
train_069917.jpg,4
train_069918.jpg,4
train_069919.jpg,4
train_069920.jpg,4
train_069921.jpg,4
train_069922.jpg,4
train_069923.jpg,4
train_069924.jpg,4
train_069925.jpg,4
train_069926.jpg,4
train_069927.jpg,4
train_069928.jpg,4
train_069929.jpg,4
train_069930.jpg,4
train_069931.jpg,4
train_069932.jpg,4
train_069933.jpg,4
train_069934.jpg,4
train_069935.jpg,4
train_069936.jpg,4
train_069937.jpg,4
train_069938.jpg,4
train_069939.jpg,4
train_069940.jpg,4
train_069941.jpg,4
train_069942.jpg,4
train_069943.jpg,4
train_069945.jpg,4
train_069946.jpg,4
train_069947.jpg,4
train_069948.jpg,4
train_069949.jpg,4
train_069950.jpg,4
train_069951.jpg,4
train_069952.jpg,4
train_069953.jpg,4
train_069954.jpg,4
train_069955.jpg,4
train_069956.jpg,4
train_069957.jpg,4
train_069958.jpg,4
train_069959.jpg,4
train_069960.jpg,4
train_069961.jpg,4
train_069962.jpg,4
train_069963.jpg,4
train_069964.jpg,4
train_069965.jpg,4
train_069966.jpg,4
train_069967.jpg,4
train_069968.jpg,4
train_069969.jpg,4
train_069970.jpg,4
train_069971.jpg,4
train_069972.jpg,4
train_069973.jpg,4
train_069974.jpg,4
train_069975.jpg,4
train_069976.jpg,4
train_069977.jpg,4
train_069978.jpg,4
train_069979.jpg,4
train_069980.jpg,4
train_069981.jpg,4
train_069982.jpg,4
train_069983.jpg,4
train_069984.jpg,4
train_069985.jpg,4
train_069986.jpg,4
train_069987.jpg,4
train_069988.jpg,4
train_069989.jpg,4
train_069990.jpg,4
train_069991.jpg,4
train_069992.jpg,4
train_069993.jpg,4
train_069994.jpg,4
train_069995.jpg,4
train_069996.jpg,4
train_069997.jpg,4
train_069998.jpg,4
train_069999.jpg,4
train_070000.jpg,4
train_070001.jpg,4
train_070002.jpg,4
train_070003.jpg,4
train_070004.jpg,4
train_070005.jpg,4
train_070006.jpg,4
train_070007.jpg,4
train_070008.jpg,4
train_070009.jpg,4
train_070010.jpg,4
train_070011.jpg,4
train_070012.jpg,4
train_070013.jpg,4
train_070014.jpg,4
train_070015.jpg,4
train_070016.jpg,4
train_070017.jpg,4
train_070018.jpg,4
train_070019.jpg,4
train_070020.jpg,4
train_070021.jpg,4
train_070022.jpg,4
train_070023.jpg,4
train_070024.jpg,4
train_070025.jpg,4
train_070026.jpg,4
train_070027.jpg,4
train_070028.jpg,4
train_070029.jpg,4
train_070030.jpg,4
train_070031.jpg,4
train_070032.jpg,4
train_070033.jpg,4
train_070034.jpg,4
train_070035.jpg,4
train_070036.jpg,4
train_070037.jpg,4
train_070038.jpg,4
train_070039.jpg,4
train_070040.jpg,4
train_070041.jpg,4
train_070042.jpg,4
train_070043.jpg,4
train_070044.jpg,4
train_070045.jpg,4
train_070046.jpg,4
train_070047.jpg,4
train_070048.jpg,4
